INSERT INTO auth.users (instance_id,id,aud,role,email,encrypted_password,email_confirmed_at,invited_at,confirmation_token,confirmation_sent_at,recovery_token,recovery_sent_at,email_change_token_new,email_change,email_change_sent_at,last_sign_in_at,raw_app_meta_data,raw_user_meta_data,is_super_admin,created_at,updated_at,phone,phone_confirmed_at,phone_change,phone_change_token,phone_change_sent_at,email_change_token_current,email_change_confirm_status,banned_until,reauthentication_token,reauthentication_sent_at,is_sso_user,deleted_at) VALUES ('3dcce8b2-d93e-5155-9a50-a529057e4a9a', '0f5d546a-dd80-5406-a005-a4f3061b9fb4', '5e55b24a-6f54-5620-bb86-d04ea4c8f721', 'Viewer', 'Alec.Bahringer49059@project-wave.net', '08*H*RCx2E$nH', '2020-02-10T13:34:50.000Z', '2020-03-07T03:00:57.000Z', 'f71ecf95-7766-52eb-9128-7f41ba94a019', '2020-12-28T11:35:00.000Z', '0911f256-347e-5563-a9fc-69f423a36eab', '2020-01-09T00:49:11.000Z', '9f126563-dfc1-5d22-acf4-882145eb1257', 'Oswald_Mueller78665@memorable-spur.info', '2020-10-02T09:19:38.000Z', '2020-08-16T19:13:05.000Z', '{"Dolorum":"Inor placet si"}', '{"Ulere":"Docti es saturei"}', 't', '2020-06-06T05:41:47.000Z', '2020-03-11T02:10:13.000Z', DEFAULT, '2020-03-11T02:53:19.000Z', DEFAULT, DEFAULT, '2020-12-24T11:30:02.000Z', DEFAULT, DEFAULT, '2020-06-10T05:08:46.000Z', DEFAULT, '2020-06-26T17:49:35.000Z', DEFAULT, '2020-03-23T14:25:27.000Z'), ('6e9ec33d-2e0a-5b02-8e2d-f0d1c5040b5f', '5fef9e7c-116a-5504-a6ae-d16f4442d448', '1b7b35dc-5205-5534-9a52-6b105a06acd2', 'Editor', 'Annamarie_Brakus10291@tattoobell.com', 'P@RW]YObdptuu#', '2020-02-26T13:38:22.000Z', '2020-03-23T14:40:28.000Z', '125814ea-e205-5ab0-b3ad-a5495eae6164', '2020-10-18T22:13:30.000Z', 'a822594c-6232-5b8c-8c4b-426764390c47', '2020-09-25T08:22:24.000Z', '32f44ed3-52e3-5b33-9a2c-cd7f7a2b61fd', 'Glennie_Hoppe73037@breakablespread.info', '2020-06-18T17:21:57.000Z', '2020-03-27T14:58:22.000Z', '{"Ali":"Tentiae est"}', '{"Recte":"Aequo faciturnit physici"}', 't', '2020-01-17T12:52:35.000Z', '2020-05-25T17:01:44.000Z', DEFAULT, '2020-07-19T18:13:25.000Z', DEFAULT, DEFAULT, '2020-06-22T05:10:29.000Z', DEFAULT, DEFAULT, '2020-04-04T15:27:18.000Z', DEFAULT, '2020-06-06T17:32:29.000Z', DEFAULT, '2020-08-12T20:00:19.000Z'), ('493e0e3d-0db0-5675-8b80-e9aee6e49834', '5ac46069-d153-5b50-a0be-8a017d379243', '0d3a6d62-5616-58dd-a17a-82c2de85c1cc', 'Admin', 'Leanna_Quigley96822@attain-thermals.com', '[uF^7}67wuexW', '2020-03-19T03:03:29.000Z', '2020-03-19T14:02:18.000Z', '6d7474ea-84f2-5ef3-8596-ce306ce75939', '2020-07-19T18:34:10.000Z', 'e4b7ff38-fae0-5350-bd75-2ec0909433ec', '2020-08-04T19:41:54.000Z', '0cf25506-6426-55de-9e64-a60ec2e6efc6', 'Mohamed_Zieme23633@text-legume.info', '2020-05-13T16:18:40.000Z', '2020-06-06T17:45:25.000Z', '{"Quid":"Graeca defuitatem"}', '{"Ipso":"Ad quorum"}', 't', '2020-02-26T13:44:11.000Z', '2020-03-15T14:17:38.000Z', DEFAULT, '2020-04-24T15:47:54.000Z', DEFAULT, DEFAULT, '2020-05-09T04:17:32.000Z', DEFAULT, DEFAULT, '2020-02-02T01:18:30.000Z', DEFAULT, '2020-06-18T06:02:16.000Z', DEFAULT, '2020-03-23T14:10:39.000Z'), ('69e449b5-11f0-513e-8bc4-f52a33b36510', '5f2c632c-1003-5d3e-94f5-6085899aa359', '92643554-497e-50dd-a9f7-e35830243138', 'Viewer', 'Christop.Sawayn48595@popularmobility.net', 'UTQZI*F0u[G#', '2020-12-12T11:31:28.000Z', '2020-08-16T07:57:21.000Z', 'a8fc76ac-b264-5807-9bde-d896c3807634', '2020-08-12T08:00:54.000Z', '337f94b5-1a80-50eb-a4e9-98224cd420ff', '2020-09-13T20:37:41.000Z', '2773c7f9-3d43-56ee-a22d-abe5b80ff305', 'Korey_Macejkovic37386@plump-ambition.com', '2020-11-23T23:08:38.000Z', '2020-06-06T05:48:26.000Z', '{"Enimi":"Idem fieri"}', '{"Quidem":"Eptricest ius"}', 'f', '2020-10-14T21:49:12.000Z', '2020-11-03T10:50:29.000Z', DEFAULT, '2020-01-13T12:12:47.000Z', DEFAULT, DEFAULT, '2020-10-02T21:18:35.000Z', DEFAULT, DEFAULT, '2020-04-20T04:00:32.000Z', DEFAULT, '2020-10-18T09:33:18.000Z', DEFAULT, '2020-04-08T15:48:48.000Z'), ('6e299974-a424-5920-be37-6644fdaa15c1', '71c8f57c-aae5-5ac8-8fc0-a1ff399b17b8', '3eee1e17-a66d-599d-aed6-1302c1c99eb1', 'Developer', 'Mozelle_Boyer81623@spectacularsweat.net', 'T9lJQNHr%P1i7', '2020-02-26T02:02:43.000Z', '2020-05-05T04:59:53.000Z', 'e2801d2c-130a-5a72-a069-c02fc5b725f5', '2020-08-04T08:02:31.000Z', '0fc01aab-1462-5db8-9374-0c3ad067ee16', '2020-07-27T18:37:54.000Z', '35eb5c8f-642f-5d3b-ae8f-32a07040a69e', 'Elvera_Stamm69536@predecease-celebration.info', '2020-01-09T12:27:31.000Z', '2020-10-22T21:30:27.000Z', '{"Diuturo":"Quasi metu tur"}', '{"Esse":"Praeclare natus mihi"}', 't', '2020-02-06T01:36:17.000Z', '2020-01-05T00:01:49.000Z', DEFAULT, '2020-11-03T10:49:18.000Z', DEFAULT, DEFAULT, '2020-11-27T11:02:39.000Z', DEFAULT, DEFAULT, '2020-04-08T03:42:16.000Z', DEFAULT, '2020-03-07T15:04:13.000Z', DEFAULT, '2020-06-06T17:55:18.000Z'), ('2da56712-0c82-57cd-8866-6c110db961bf', '815c84a1-9088-5e6f-b1ab-0853285c0e5d', '8772a07a-fa71-5fab-9dcd-fff2646efae7', 'Developer', 'Julien.Kerluke72913@decent-sneeze.com', 'jOEKFRQOGGDZ2T', '2020-07-23T07:09:25.000Z', '2020-09-13T09:00:10.000Z', 'dbf92acc-c507-5eca-87fc-59480087903a', '2020-05-01T16:10:46.000Z', '304afb96-347e-536b-bc59-effeff8bb084', '2020-02-14T13:56:13.000Z', '01e6f04b-3847-53ca-97c7-9ac698e14184', 'Beth_Will18758@obviatesadness.net', '2020-01-05T12:24:54.000Z', '2020-01-01T00:14:07.000Z', '{"Pertinendus":"Quae nam malistius"}', '{"Inquamquam":"Non expetiuncta cumcisaque"}', 't', '2020-01-05T12:52:58.000Z', '2020-11-19T22:46:53.000Z', DEFAULT, '2020-10-18T09:33:25.000Z', DEFAULT, DEFAULT, '2020-03-07T02:35:19.000Z', DEFAULT, DEFAULT, '2020-12-28T23:32:47.000Z', DEFAULT, '2020-07-07T18:28:57.000Z', DEFAULT, '2020-08-04T07:35:09.000Z');
INSERT INTO public.profiles (id,created_at,email,first_name,last_name,full_name) VALUES ('0f5d546a-dd80-5406-a005-a4f3061b9fb4', DEFAULT, 'Alec.Bahringer49059@project-wave.net', 'Haven', 'Mosciski', 'Ezequiel Hessel'), ('5fef9e7c-116a-5504-a6ae-d16f4442d448', DEFAULT, 'Annamarie_Brakus10291@tattoobell.com', 'Sterling', 'Dach', 'Agustina Bernhard'), ('5ac46069-d153-5b50-a0be-8a017d379243', DEFAULT, 'Leanna_Quigley96822@attain-thermals.com', 'Price', 'Weimann', 'Rey Wisoky'), ('5f2c632c-1003-5d3e-94f5-6085899aa359', DEFAULT, 'Christop.Sawayn48595@popularmobility.net', 'Ferne', 'Dare', 'Lindsay Hand'), ('71c8f57c-aae5-5ac8-8fc0-a1ff399b17b8', DEFAULT, 'Mozelle_Boyer81623@spectacularsweat.net', 'Korbin', 'Sawayn', 'Zella Schowalter'), ('815c84a1-9088-5e6f-b1ab-0853285c0e5d', DEFAULT, 'Julien.Kerluke72913@decent-sneeze.com', 'Carissa', 'Williamson', 'Charles Hagenes');
INSERT INTO public.trips (id,created_at,destination_name,start_date,end_date,description) VALUES ('f23472fd-a0fa-5354-a944-36bc072cfa85', DEFAULT, 'Barcelona', '2020-06-22', '2020-02-14', 'Visit the famous basilica'), ('f8c7baf2-bd79-5501-83b2-fc61183aea30', DEFAULT, 'Paris', '2020-07-11', '2020-05-17', 'Iconic landmark with stunning views'), ('48717564-c480-53d6-ad80-3aeb57a5282f', DEFAULT, 'Amsterdam', '2020-04-20', '2020-03-27', 'Art museum dedicated to Vincent van Gogh');
INSERT INTO public.trips_profiles (trip_id,profile_id) VALUES ('f23472fd-a0fa-5354-a944-36bc072cfa85', '0f5d546a-dd80-5406-a005-a4f3061b9fb4'), ('f23472fd-a0fa-5354-a944-36bc072cfa85', '5fef9e7c-116a-5504-a6ae-d16f4442d448'), ('f8c7baf2-bd79-5501-83b2-fc61183aea30', '0f5d546a-dd80-5406-a005-a4f3061b9fb4'), ('f8c7baf2-bd79-5501-83b2-fc61183aea30', '5ac46069-d153-5b50-a0be-8a017d379243'), ('48717564-c480-53d6-ad80-3aeb57a5282f', '5fef9e7c-116a-5504-a6ae-d16f4442d448');
INSERT INTO public.activites (id,created_at,title,description,do_date,done,address,image_path,trip_id) VALUES ('a8de534b-62f6-5b1e-a50f-3afbb7a8039c', DEFAULT, 'Sagrada Familia', 'Visit the famous basilica', '2020-11-27T22:32:35.000Z', 'f', 'Carrer de Mallorca, 401, 08013 Barcelona, Spain', 'segrada_familia.jpg', 'f23472fd-a0fa-5354-a944-36bc072cfa85'), ('9385ca37-9019-556d-949d-7c0a9f2bf0f5', DEFAULT, 'Park Güell', 'Explore the colorful park', '2020-05-13T16:27:31.000Z', 'f', '08024 Barcelona, Spain', 'park_guell.jpg', 'f23472fd-a0fa-5354-a944-36bc072cfa85'), ('c1ab8ff3-4af0-5848-8479-414c6ac0c9a8', DEFAULT, 'Eiffel Tower', 'Iconic landmark with stunning views', '2020-05-01T04:40:42.000Z', 't', 'Champ de Mars, 5 Avenue Anatole France, 75007 Paris, France', 'eiffel_tower.jpg', 'f8c7baf2-bd79-5501-83b2-fc61183aea30'), ('29b0c5cb-d94a-5a7e-8d15-9f0a013facc4', DEFAULT, 'Louvre Museum', 'Home to thousands of works of art', '2020-07-15T18:45:09.000Z', 'f', 'Rue de Rivoli, 75001 Paris, France', 'louvre_museum.jpg', 'f8c7baf2-bd79-5501-83b2-fc61183aea30'), ('a54cac24-2405-5184-a945-d528f6c6a23e', DEFAULT, 'Van Gogh Museum', 'Art museum dedicated to Vincent van Gogh', '2020-05-05T16:54:45.000Z', 't', 'Museumplein 6, 1071 DJ Amsterdam, Netherlands', 'van_gogh_museum.jpg', '48717564-c480-53d6-ad80-3aeb57a5282f'), ('82cbdae2-4cc3-5f3d-b008-41163a677894', DEFAULT, 'Anne Frank House', 'Historical museum about Anne Frank', '2020-09-05T20:38:15.000Z', 'f', 'Prinsengracht 263-267, 1016 GV Amsterdam, Netherlands', 'anne_frank_house.jpg', '48717564-c480-53d6-ad80-3aeb57a5282f');
